add_suspect,added_death,cumulative_death,cumulative_diagnosis,cumulative_suspect,name,new_diagnosis,province,published_at
86,1,3,342,236,北京市,5,北京市,2020-02-10
129,1,2,96,278,天津市,5,天津市,2020-02-10
15,0,2,239,44,河北省,21,河北省,2020-02-10
27,0,0,122,58,山西省,3,山西省,2020-02-10
2,0,0,58,10,内蒙古自治区,0,内蒙古自治区,2020-02-10
102,0,0,108,331,辽宁省,1,辽宁省,2020-02-10
24,0,1,81,47,吉林省,1,吉林省,2020-02-10
77,1,8,360,181,黑龙江省,29,黑龙江省,2020-02-10
88,0,1,302,180,上海市,7,上海市,2020-02-10
19,0,0,515,64,江苏省,23,江苏省,2020-02-10
63,0,0,1117,305,浙江省,25,浙江省,2020-02-10
33,1,4,860,92,安徽省,30,安徽省,2020-02-10
19,0,0,267,72,福建省,6,福建省,2020-02-10
55,0,1,804,170,江西省,32,江西省,2020-02-10
28,0,1,486,66,山东省,27,山东省,2020-02-10
252,1,7,1105,573,河南省,32,河南省,2020-02-10
1814,103,974,31728,16687,湖北省,2097,湖北省,2020-02-10
93,0,1,912,136,湖南省,33,湖南省,2020-02-10
36,0,1,1177,148,广东省,26,广东省,2020-02-10
114,0,1,215,257,广西壮族自治区,5,广西壮族自治区,2020-02-10
58,0,3,142,187,海南省,6,海南省,2020-02-10
164,0,2,486,427,重庆市,18,重庆市,2020-02-10
116,0,1,417,475,四川省,12,四川省,2020-02-10
10,0,1,118,67,贵州省,9,贵州省,2020-02-10
30,0,0,149,109,云南省,8,云南省,2020-02-10
0,0,0,1,0,西藏自治区,0,西藏自治区,2020-02-10
71,0,0,219,389,陕西省,6,陕西省,2020-02-10
8,0,2,86,20,甘肃省,1,甘肃省,2020-02-10
0,0,0,18,0,青海省,0,青海省,2020-02-10
2,0,0,53,33,宁夏回族自治区,4,宁夏回族自治区,2020-02-10
1,0,0,55,33,新疆维吾尔自治区,6,新疆维吾尔自治区,2020-02-10
0,0,0,18,0,台湾省,0,台湾省,2020-02-10
0,0,1,42,0,香港特别行政区,6,香港特别行政区,2020-02-10
0,0,0,10,0,澳门特别行政区,0,澳门特别行政区,2020-02-10
94,0,2,337,207,北京市,11,北京市,2020-02-09
120,0,1,91,292,天津市,3,天津市,2020-02-09
9,0,2,218,61,河北省,12,河北省,2020-02-09
18,0,0,119,63,山西省,4,山西省,2020-02-09
3,0,0,58,12,内蒙古自治区,4,内蒙古自治区,2020-02-09
81,0,0,107,280,辽宁省,2,辽宁省,2020-02-09
15,0,1,80,40,吉林省,2,吉林省,2020-02-09
65,1,7,331,224,黑龙江省,24,黑龙江省,2020-02-09
118,0,1,295,223,上海市,3,上海市,2020-02-09
25,0,0,492,67,江苏省,24,江苏省,2020-02-09
83,0,0,1104,334,浙江省,29,浙江省,2020-02-09
61,2,3,830,115,安徽省,51,安徽省,2020-02-09
24,0,0,261,81,福建省,11,福建省,2020-02-09
57,1,1,771,183,江西省,32,江西省,2020-02-09
26,0,1,459,75,山东省,24,山东省,2020-02-09
223,0,6,1073,588,河南省,40,河南省,2020-02-09
2272,91,871,29631,18438,湖北省,2618,湖北省,2020-02-09
88,0,1,879,134,湖南省,41,湖南省,2020-02-09
33,0,1,1151,169,广东省,31,广东省,2020-02-09
81,0,1,210,243,广西壮族自治区,15,广西壮族自治区,2020-02-09
50,1,3,136,219,海南省,8,海南省,2020-02-09
167,0,2,468,418,重庆市,22,重庆市,2020-02-09
141,0,1,405,461,四川省,19,四川省,2020-02-09
11,0,1,109,75,贵州省,13,贵州省,2020-02-09
38,0,0,141,125,云南省,1,云南省,2020-02-09
0,0,0,1,0,西藏自治区,0,西藏自治区,2020-02-09
88,0,0,213,375,陕西省,5,陕西省,2020-02-09
2,1,2,85,14,甘肃省,5,甘肃省,2020-02-09
0,0,0,18,0,青海省,0,青海省,2020-02-09
6,0,0,49,34,宁夏回族自治区,4,宁夏回族自治区,2020-02-09
9,0,0,49,39,新疆维吾尔自治区,4,新疆维吾尔自治区,2020-02-09
0,0,0,18,0,台湾省,1,台湾省,2020-02-09
0,0,1,36,0,香港特别行政区,10,香港特别行政区,2020-02-09
0,0,0,10,0,澳门特别行政区,0,澳门特别行政区,2020-02-09
64,0,2,326,184,北京市,11,北京市,2020-02-08
123,0,1,88,287,天津市,7,天津市,2020-02-08
26,1,2,206,76,河北省,11,河北省,2020-02-08
30,0,0,115,71,山西省,12,山西省,2020-02-08
3,0,0,54,11,内蒙古自治区,4,内蒙古自治区,2020-02-08
73,0,0,105,263,辽宁省,6,辽宁省,2020-02-08
19,0,1,78,56,吉林省,9,吉林省,2020-02-08
104,1,6,307,258,黑龙江省,26,黑龙江省,2020-02-08
99,0,1,292,205,上海市,11,上海市,2020-02-08
24,0,0,468,67,江苏省,29,江苏省,2020-02-08
77,0,0,1075,345,浙江省,27,浙江省,2020-02-08
48,1,1,779,126,安徽省,46,安徽省,2020-02-08
22,0,0,250,85,福建省,11,福建省,2020-02-08
52,0,0,740,200,江西省,42,江西省,2020-02-08
40,1,1,435,88,山东省,28,山东省,2020-02-08
246,2,6,1033,600,河南省,53,河南省,2020-02-08
2067,81,780,27100,23638,湖北省,2147,湖北省,2020-02-08
107,1,1,838,155,湖南省,35,湖南省,2020-02-08
62,0,1,1120,208,广东省,45,广东省,2020-02-08
113,1,1,195,283,广西壮族自治区,12,广西壮族自治区,2020-02-08
68,0,2,128,230,海南省,6,海南省,2020-02-08
156,0,2,446,409,重庆市,20,重庆市,2020-02-08
113,0,1,386,431,四川省,23,四川省,2020-02-08
38,0,1,96,82,贵州省,7,贵州省,2020-02-08
37,0,0,140,146,云南省,2,云南省,2020-02-08
0,0,0,1,0,西藏自治区,0,西藏自治区,2020-02-08
73,0,0,208,343,陕西省,13,陕西省,2020-02-08
6,0,1,81,21,甘肃省,10,甘肃省,2020-02-08
0,0,0,18,0,青海省,0,青海省,2020-02-08
6,0,0,45,36,宁夏回族自治区,0,宁夏回族自治区,2020-02-08
20,0,0,45,38,新疆维吾尔自治区,3,新疆维吾尔自治区,2020-02-08
0,0,0,17,0,台湾省,1,台湾省,2020-02-08
0,0,1,26,0,香港特别行政区,0,香港特别行政区,2020-02-08
0,0,0,10,0,澳门特别行政区,0,澳门特别行政区,2020-02-08
83,1,2,315,163,北京市,18,北京市,2020-02-07
132,0,1,81,297,天津市,2,天津市,2020-02-07
36,0,1,195,81,河北省,24,河北省,2020-02-07
28,0,0,104,58,山西省,8,山西省,2020-02-07
4,0,0,50,12,内蒙古自治区,1,内蒙古自治区,2020-02-07
86,0,0,99,226,辽宁省,5,辽宁省,2020-02-07
13,0,1,69,67,吉林省,4,吉林省,2020-02-07
117,2,5,282,234,黑龙江省,19,黑龙江省,2020-02-07
120,0,1,281,181,上海市,12,上海市,2020-02-07
28,0,0,439,68,江苏省,31,江苏省,2020-02-07
112,0,0,1048,345,浙江省,42,浙江省,2020-02-07
70,0,0,733,140,安徽省,68,安徽省,2020-02-07
38,0,0,239,99,福建省,15,福建省,2020-02-07
69,0,0,698,218,江西省,37,江西省,2020-02-07
47,0,0,407,100,山东省,28,山东省,2020-02-07
261,1,4,981,651,河南省,67,河南省,2020-02-07
2073,81,699,24953,22433,湖北省,2841,湖北省,2020-02-07
113,0,0,803,154,湖南省,31,湖南省,2020-02-07
65,0,1,1075,195,广东省,57,广东省,2020-02-07
123,0,0,183,295,广西壮族自治区,11,广西壮族自治区,2020-02-07
79,0,2,123,203,海南省,12,海南省,2020-02-07
162,0,2,426,392,重庆市,15,重庆市,2020-02-07
160,0,1,363,432,四川省,19,四川省,2020-02-07
24,0,1,89,61,贵州省,12,贵州省,2020-02-07
63,0,0,138,144,云南省,3,云南省,2020-02-07
0,0,0,1,0,西藏自治区,0,西藏自治区,2020-02-07
92,0,0,195,321,陕西省,11,陕西省,2020-02-07
8,1,1,71,23,甘肃省,1,甘肃省,2020-02-07
0,0,0,18,0,青海省,0,青海省,2020-02-07
4,0,0,45,41,宁夏回族自治区,2,宁夏回族自治区,2020-02-07
4,0,0,42,23,新疆维吾尔自治区,3,新疆维吾尔自治区,2020-02-07
0,0,0,16,0,台湾省,0,台湾省,2020-02-07
0,0,1,26,0,香港特别行政区,2,香港特别行政区,2020-02-07
0,0,0,10,0,澳门特别行政区,0,澳门特别行政区,2020-02-07
51,0,1,297,157,北京市,23,北京市,2020-02-06
101,0,1,79,228,天津市,9,天津市,2020-02-06
44,0,1,171,117,河北省,14,河北省,2020-02-06
22,0,0,96,54,山西省,6,山西省,2020-02-06
6,0,0,49,9,内蒙古自治区,3,内蒙古自治区,2020-02-06
47,0,0,94,169,辽宁省,5,辽宁省,2020-02-06
29,1,1,65,71,吉林省,6,吉林省,2020-02-06
88,0,3,277,210,黑龙江省,50,黑龙江省,2020-02-06
94,0,1,269,166,上海市,15,上海市,2020-02-06
34,0,0,408,59,江苏省,35,江苏省,2020-02-06
236,0,0,1006,422,浙江省,52,浙江省,2020-02-06
78,0,0,665,141,安徽省,74,安徽省,2020-02-06
45,0,0,224,94,福建省,9,福建省,2020-02-06
73,0,0,661,249,江西省,61,江西省,2020-02-06
48,0,0,379,96,山东省,36,山东省,2020-02-06
307,1,3,914,654,河南省,63,河南省,2020-02-06
2622,69,618,22112,21261,湖北省,2447,湖北省,2020-02-06
122,0,0,772,183,湖南省,61,湖南省,2020-02-06
71,1,1,1018,170,广东省,74,广东省,2020-02-06
142,0,0,172,340,广西壮族自治区,4,广西壮族自治区,2020-02-06
53,1,2,111,150,海南省,11,海南省,2020-02-06
177,0,2,411,408,重庆市,22,重庆市,2020-02-06
157,0,1,344,409,四川省,23,四川省,2020-02-06
38,0,1,77,54,贵州省,8,贵州省,2020-02-06
50,0,0,135,123,云南省,7,云南省,2020-02-06
0,0,0,1,0,西藏自治区,0,西藏自治区,2020-02-06
70,0,0,184,260,陕西省,11,陕西省,2020-02-06
6,0,0,70,21,甘肃省,8,甘肃省,2020-02-06
0,0,0,18,0,青海省,0,青海省,2020-02-06
6,0,0,43,45,宁夏回族自治区,3,宁夏回族自治区,2020-02-06
16,0,0,39,39,新疆维吾尔自治区,3,新疆维吾尔自治区,2020-02-06
0,0,0,16,0,台湾省,5,台湾省,2020-02-06
0,0,1,24,0,香港特别行政区,3,香港特别行政区,2020-02-06
0,0,0,10,0,澳门特别行政区,0,澳门特别行政区,2020-02-06
65,0,1,274,170,北京市,21,北京市,2020-02-05
97,1,1,70,190,天津市,3,天津市,2020-02-05
60,0,1,157,133,河北省,22,河北省,2020-02-05
20,0,0,90,42,山西省,9,山西省,2020-02-05
4,0,0,46,5,内蒙古自治区,4,内蒙古自治区,2020-02-05
42,0,0,89,143,辽宁省,8,辽宁省,2020-02-05
37,0,0,59,69,吉林省,5,吉林省,2020-02-05
109,1,3,227,222,黑龙江省,37,黑龙江省,2020-02-05
102,0,1,254,196,上海市,21,上海市,2020-02-05
48,0,0,373,55,江苏省,32,江苏省,2020-02-05
155,0,0,954,322,浙江省,59,浙江省,2020-02-05
84,0,0,591,141,安徽省,61,安徽省,2020-02-05
22,0,0,215,78,福建省,10,福建省,2020-02-05
72,0,0,600,312,江西省,52,江西省,2020-02-05
37,0,0,343,85,山东省,45,山东省,2020-02-05
273,0,2,851,688,河南省,87,河南省,2020-02-05
3230,70,549,19665,19728,湖北省,2987,湖北省,2020-02-05
167,0,0,711,207,湖南省,50,湖南省,2020-02-05
61,0,0,944,148,广东省,74,广东省,2020-02-05
144,0,0,168,391,广西壮族自治区,18,广西壮族自治区,2020-02-05
38,0,1,100,132,海南省,11,海南省,2020-02-05
171,0,2,389,379,重庆市,23,重庆市,2020-02-05
135,0,1,321,340,四川省,20,四川省,2020-02-05
18,1,1,69,37,贵州省,5,贵州省,2020-02-05
28,0,0,128,149,云南省,6,云南省,2020-02-05
0,0,0,1,0,西藏自治区,0,西藏自治区,2020-02-05
71,0,0,173,238,陕西省,8,陕西省,2020-02-05
8,0,0,62,16,甘肃省,5,甘肃省,2020-02-05
0,0,0,18,0,青海省,1,青海省,2020-02-05
15,0,0,40,39,宁夏回族自治区,6,宁夏回族自治区,2020-02-05
15,0,0,36,47,新疆维吾尔自治区,4,新疆维吾尔自治区,2020-02-05
0,0,0,11,0,台湾省,0,台湾省,2020-02-05
0,0,1,21,0,香港特别行政区,3,香港特别行政区,2020-02-05
0,0,0,10,0,澳门特别行政区,0,澳门特别行政区,2020-02-05
63,0,1,253,160,北京市,25,北京市,2020-02-04
97,0,0,67,190,天津市,4,天津市,2020-02-04
58,0,1,135,117,河北省,9,河北省,2020-02-04
14,0,0,81,42,山西省,7,山西省,2020-02-04
0,0,0,42,1,内蒙古自治区,5,内蒙古自治区,2020-02-04
35,0,0,81,127,辽宁省,7,辽宁省,2020-02-04
48,0,0,54,58,吉林省,12,吉林省,2020-02-04
78,0,2,190,184,黑龙江省,35,黑龙江省,2020-02-04
113,0,1,233,194,上海市,25,上海市,2020-02-04
42,0,0,341,43,江苏省,33,江苏省,2020-02-04
144,0,0,895,299,浙江省,66,浙江省,2020-02-04
63,0,0,530,130,安徽省,50,安徽省,2020-02-04
40,0,0,205,91,福建省,11,福建省,2020-02-04
116,0,0,548,343,江西省,72,江西省,2020-02-04
49,0,0,298,94,山东省,28,山东省,2020-02-04
258,0,2,764,693,河南省,89,河南省,2020-02-04
1957,65,479,16678,18447,湖北省,3156,湖北省,2020-02-04
142,0,0,661,211,湖南省,68,湖南省,2020-02-04
34,0,0,870,136,广东省,73,广东省,2020-02-04
155,0,0,150,396,广西壮族自治区,11,广西壮族自治区,2020-02-04
41,0,1,89,118,海南省,11,海南省,2020-02-04
175,0,2,366,397,重庆市,29,重庆市,2020-02-04
106,0,1,301,281,四川省,19,四川省,2020-02-04
12,0,0,64,33,贵州省,8,贵州省,2020-02-04
55,0,0,122,172,云南省,5,云南省,2020-02-04
0,0,0,1,0,西藏自治区,0,西藏自治区,2020-02-04
41,0,0,165,215,陕西省,23,陕西省,2020-02-04
10,0,0,57,18,甘肃省,1,甘肃省,2020-02-04
0,0,0,17,0,青海省,2,青海省,2020-02-04
6,0,0,34,24,宁夏回族自治区,0,宁夏回族自治区,2020-02-04
19,0,0,32,46,新疆维吾尔自治区,3,新疆维吾尔自治区,2020-02-04
0,0,0,11,0,台湾省,1,台湾省,2020-02-04
0,1,1,18,0,香港特别行政区,3,香港特别行政区,2020-02-04
0,0,0,10,0,澳门特别行政区,2,澳门特别行政区,2020-02-04
65,0,1,228,141,北京市,16,北京市,2020-02-03
85,0,0,63,168,天津市,14,天津市,2020-02-03
41,0,1,126,93,河北省,13,河北省,2020-02-03
21,0,0,74,62,山西省,8,山西省,2020-02-03
0,0,0,37,2,内蒙古自治区,4,内蒙古自治区,2020-02-03
42,0,0,74,120,辽宁省,4,辽宁省,2020-02-03
17,0,0,42,24,吉林省,11,吉林省,2020-02-03
93,0,2,155,178,黑龙江省,39,黑龙江省,2020-02-03
84,0,1,208,168,上海市,15,上海市,2020-02-03
39,0,0,308,47,江苏省,37,江苏省,2020-02-03
173,0,0,829,258,浙江省,105,浙江省,2020-02-03
57,0,0,480,124,安徽省,72,安徽省,2020-02-03
32,0,0,194,87,福建省,15,福建省,2020-02-03
92,0,0,476,319,江西省,85,江西省,2020-02-03
33,0,0,270,70,山东省,24,山东省,2020-02-03
248,0,2,675,678,河南省,109,河南省,2020-02-03
3182,64,414,13522,18549,湖北省,2345,湖北省,2020-02-03
137,0,0,593,289,湖南省,72,湖南省,2020-02-03
48,0,0,797,180,广东省,114,广东省,2020-02-03
130,0,0,139,364,广西壮族自治区,12,广西壮族自治区,2020-02-03
31,0,1,79,109,海南省,9,海南省,2020-02-03
170,0,2,337,387,重庆市,37,重庆市,2020-02-03
82,0,1,282,258,四川省,28,四川省,2020-02-03
17,0,0,56,33,贵州省,10,贵州省,2020-02-03
64,0,0,117,225,云南省,8,云南省,2020-02-03
0,0,0,1,0,西藏自治区,0,西藏自治区,2020-02-03
53,0,0,142,221,陕西省,14,陕西省,2020-02-03
7,0,0,56,9,甘肃省,5,甘肃省,2020-02-03
0,0,0,15,0,青海省,2,青海省,2020-02-03
6,0,0,34,18,宁夏回族自治区,3,宁夏回族自治区,2020-02-03
23,0,0,29,33,新疆维吾尔自治区,5,新疆维吾尔自治区,2020-02-03
0,0,0,10,0,台湾省,0,台湾省,2020-02-03
0,0,0,15,0,香港特别行政区,0,香港特别行政区,2020-02-03
0,0,0,8,0,澳门特别行政区,0,澳门特别行政区,2020-02-03
0,0,1,212,0,北京市,32,北京市,2020-02-02
65,0,0,49,133,天津市,4,天津市,2020-02-02
50,0,1,113,108,河北省,9,河北省,2020-02-02
32,0,0,66,64,山西省,10,山西省,2020-02-02
1,0,0,33,4,内蒙古自治区,7,内蒙古自治区,2020-02-02
56,0,0,70,113,辽宁省,6,辽宁省,2020-02-02
12,0,0,31,17,吉林省,8,吉林省,2020-02-02
73,0,2,118,163,黑龙江省,23,黑龙江省,2020-02-02
96,0,1,193,173,上海市,16,上海市,2020-02-02
26,0,0,271,44,江苏省,35,江苏省,2020-02-02
102,0,0,724,201,浙江省,63,浙江省,2020-02-02
75,0,0,408,153,安徽省,68,安徽省,2020-02-02
47,0,0,179,96,福建省,20,福建省,2020-02-02
104,0,0,391,359,江西省,59,江西省,2020-02-02
28,0,0,246,62,山东省,21,山东省,2020-02-02
260,0,2,566,760,河南省,73,河南省,2020-02-02
3260,56,350,11177,16898,湖北省,2103,湖北省,2020-02-02
183,0,0,521,351,湖南省,58,湖南省,2020-02-02
86,0,0,683,205,广东省,79,广东省,2020-02-02
128,0,0,127,330,广西壮族自治区,16,广西壮族自治区,2020-02-02
50,0,1,70,113,海南省,7,海南省,2020-02-02
178,1,2,300,398,重庆市,38,重庆市,2020-02-02
103,0,1,254,268,四川省,23,四川省,2020-02-02
18,0,0,46,41,贵州省,8,贵州省,2020-02-02
85,0,0,109,252,云南省,10,云南省,2020-02-02
0,0,0,1,0,西藏自治区,0,西藏自治区,2020-02-02
36,0,0,128,205,陕西省,12,陕西省,2020-02-02
3,0,0,51,9,甘肃省,11,甘肃省,2020-02-02
0,0,0,13,0,青海省,4,青海省,2020-02-02
4,0,0,31,12,宁夏回族自治区,3,宁夏回族自治区,2020-02-02
12,0,0,24,26,新疆维吾尔自治区,3,新疆维吾尔自治区,2020-02-02
0,0,0,10,0,台湾省,0,台湾省,2020-02-02
0,0,0,15,0,香港特别行政区,1,香港特别行政区,2020-02-02
0,0,0,8,0,澳门特别行政区,1,澳门特别行政区,2020-02-02
0,0,1,183,0,北京市,27,北京市,2020-02-01
57,0,0,45,112,天津市,11,天津市,2020-02-01
60,0,1,104,104,河北省,8,河北省,2020-02-01
26,0,0,56,64,山西省,9,山西省,2020-02-01
5,0,0,26,7,内蒙古自治区,3,内蒙古自治区,2020-02-01
48,0,0,64,116,辽宁省,4,辽宁省,2020-02-01
10,0,0,23,14,吉林省,6,吉林省,2020-02-01
78,0,2,95,172,黑龙江省,15,黑龙江省,2020-02-01
103,0,1,177,168,上海市,24,上海市,2020-02-01
34,0,0,236,47,江苏省,34,江苏省,2020-02-01
109,0,0,661,207,浙江省,62,浙江省,2020-02-01
82,0,0,340,160,安徽省,43,安徽省,2020-02-01
39,0,0,159,99,福建省,15,福建省,2020-02-01
100,0,0,333,312,江西省,47,江西省,2020-02-01
42,0,0,225,81,山东省,23,山东省,2020-02-01
254,0,2,493,754,河南省,71,河南省,2020-02-01
2606,45,294,9074,14872,湖北省,1921,湖北省,2020-02-01
186,0,0,463,434,湖南省,74,湖南省,2020-02-01
69,0,0,604,157,广东省,85,广东省,2020-02-01
136,0,0,111,319,广西壮族自治区,11,广西壮族自治区,2020-02-01
38,0,1,63,101,海南省,6,海南省,2020-02-01
175,0,1,262,425,重庆市,24,重庆市,2020-02-01
87,0,1,231,247,四川省,24,四川省,2020-02-01
24,0,0,38,59,贵州省,9,贵州省,2020-02-01
90,0,0,99,261,云南省,8,云南省,2020-02-01
0,0,0,1,0,西藏自治区,0,西藏自治区,2020-02-01
77,0,0,116,201,陕西省,15,陕西省,2020-02-01
10,0,0,40,20,甘肃省,5,甘肃省,2020-02-01
2,0,0,9,2,青海省,1,青海省,2020-02-01
7,0,0,28,8,宁夏回族自治区,2,宁夏回族自治区,2020-02-01
8,0,0,21,21,新疆维吾尔自治区,3,新疆维吾尔自治区,2020-02-01
0,0,0,10,0,台湾省,0,台湾省,2020-02-01
0,0,0,14,0,香港特别行政区,1,香港特别行政区,2020-02-01
0,0,0,7,0,澳门特别行政区,0,澳门特别行政区,2020-02-01
0,0,1,156,0,北京市,24,北京市,2020-01-31
53,0,0,34,142,天津市,2,天津市,2020-01-31
47,0,1,96,88,河北省,14,河北省,2020-01-31
28,0,0,47,75,山西省,8,山西省,2020-01-31
4,0,0,23,4,内蒙古自治区,3,内蒙古自治区,2020-01-31
55,0,0,60,122,辽宁省,15,辽宁省,2020-01-31
6,0,0,17,10,吉林省,3,吉林省,2020-01-31
76,0,2,80,149,黑龙江省,21,黑龙江省,2020-01-31
99,0,1,153,167,上海市,25,上海市,2020-01-31
36,0,0,202,42,江苏省,34,江苏省,2020-01-31
111,0,0,599,202,浙江省,62,浙江省,2020-01-31
77,0,0,297,117,安徽省,60,安徽省,2020-01-31
53,0,0,144,111,福建省,24,福建省,2020-01-31
118,0,0,286,260,江西省,47,江西省,2020-01-31
30,0,0,202,83,山东省,24,山东省,2020-01-31
279,0,2,422,751,河南省,70,河南省,2020-01-31
3097,45,249,7153,13577,湖北省,1347,湖北省,2020-01-31
223,0,0,389,426,湖南省,57,湖南省,2020-01-31
43,0,0,520,126,广东省,127,广东省,2020-01-31
116,0,0,100,288,广西壮族自治区,13,广西壮族自治区,2020-01-31
30,0,1,57,95,海南省,8,海南省,2020-01-31
185,1,1,238,408,重庆市,32,重庆市,2020-01-31
81,0,1,207,256,四川省,30,四川省,2020-01-31
27,0,0,29,67,贵州省,14,贵州省,2020-01-31
90,0,0,91,228,云南省,11,云南省,2020-01-31
0,0,0,1,0,西藏自治区,0,西藏自治区,2020-01-31
47,0,0,101,158,陕西省,15,陕西省,2020-01-31
1,0,0,35,15,甘肃省,6,甘肃省,2020-01-31
1,0,0,8,1,青海省,0,青海省,2020-01-31
0,0,0,26,1,宁夏回族自治区,5,宁夏回族自治区,2020-01-31
6,0,0,18,19,新疆维吾尔自治区,1,新疆维吾尔自治区,2020-01-31
0,0,0,10,0,台湾省,1,台湾省,2020-01-31
0,0,0,13,0,香港特别行政区,1,香港特别行政区,2020-01-31
0,0,0,7,0,澳门特别行政区,0,澳门特别行政区,2020-01-31
0,0,1,132,0,北京市,20,北京市,2020-01-30
77,0,0,32,150,天津市,5,天津市,2020-01-30
51,0,1,82,78,河北省,17,河北省,2020-01-30
23,0,0,39,67,山西省,4,山西省,2020-01-30
1,0,0,20,1,内蒙古自治区,2,内蒙古自治区,2020-01-30
45,0,0,45,89,辽宁省,6,辽宁省,2020-01-30
3,0,0,14,10,吉林省,0,吉林省,2020-01-30
76,1,2,59,128,黑龙江省,16,黑龙江省,2020-01-30
91,0,1,128,164,上海市,27,上海市,2020-01-30
0,0,0,168,0,江苏省,39,江苏省,2020-01-30
102,0,0,537,154,浙江省,109,浙江省,2020-01-30
71,0,0,237,98,安徽省,37,安徽省,2020-01-30
58,0,0,120,116,福建省,19,福建省,2020-01-30
106,0,0,240,197,江西省,78,江西省,2020-01-30
54,0,0,178,90,山东省,33,山东省,2020-01-30
280,0,2,352,735,河南省,74,河南省,2020-01-30
2867,42,204,5806,11272,湖北省,1220,湖北省,2020-01-30
152,0,0,332,303,湖南省,55,湖南省,2020-01-30
77,0,0,393,151,广东省,82,广东省,2020-01-30
117,0,0,87,256,广西壮族自治区,9,广西壮族自治区,2020-01-30
28,0,1,49,73,海南省,3,海南省,2020-01-30
192,0,0,206,378,重庆市,41,重庆市,2020-01-30
97,0,1,177,241,四川省,36,四川省,2020-01-30
72,0,0,15,75,贵州省,3,贵州省,2020-01-30
107,0,0,80,236,云南省,10,云南省,2020-01-30
0,0,0,1,0,西藏自治区,0,西藏自治区,2020-01-30
47,0,0,87,132,陕西省,24,陕西省,2020-01-30
5,0,0,30,15,甘肃省,4,甘肃省,2020-01-30
0,0,0,8,0,青海省,2,青海省,2020-01-30
0,0,0,21,1,宁夏回族自治区,4,宁夏回族自治区,2020-01-30
13,0,0,17,28,新疆维吾尔自治区,3,新疆维吾尔自治区,2020-01-30
0,0,0,9,0,台湾省,1,台湾省,2020-01-30
0,0,0,12,0,香港特别行政区,2,香港特别行政区,2020-01-30
0,0,0,7,0,澳门特别行政区,0,澳门特别行政区,2020-01-30
0,0,1,112,0,北京市,16,北京市,2020-01-29
40,0,0,27,104,天津市,2,天津市,2020-01-29
38,0,1,65,68,河北省,17,河北省,2020-01-29
28,0,0,35,54,山西省,8,山西省,2020-01-29
0,0,0,18,0,内蒙古自治区,2,内蒙古自治区,2020-01-29
35,0,0,39,85,辽宁省,3,辽宁省,2020-01-29
5,0,0,14,10,吉林省,5,吉林省,2020-01-29
48,0,1,43,105,黑龙江省,6,黑龙江省,2020-01-29
46,0,1,101,180,上海市,21,上海市,2020-01-29
0,0,0,129,0,江苏省,30,江苏省,2020-01-29
103,0,0,428,117,浙江省,132,浙江省,2020-01-29
45,0,0,200,67,安徽省,48,安徽省,2020-01-29
54,0,0,101,110,福建省,19,福建省,2020-01-29
61,0,0,162,123,江西省,53,江西省,2020-01-29
37,0,0,145,79,山东省,24,山东省,2020-01-29
267,0,2,278,584,河南省,72,河南省,2020-01-29
2493,37,162,4586,9033,湖北省,1032,湖北省,2020-01-29
202,0,0,277,223,湖南省,56,湖南省,2020-01-29
78,0,0,311,137,广东省,70,广东省,2020-01-29
102,0,0,78,155,广西壮族自治区,20,广西壮族自治区,2020-01-29
18,0,1,46,66,海南省,3,海南省,2020-01-29
152,0,0,165,279,重庆市,18,重庆市,2020-01-29
106,1,1,142,243,四川省,34,四川省,2020-01-29
6,0,0,12,6,贵州省,3,贵州省,2020-01-29
90,0,0,70,191,云南省,19,云南省,2020-01-29
0,0,0,1,0,西藏自治区,1,西藏自治区,2020-01-29
67,0,0,63,116,陕西省,17,陕西省,2020-01-29
6,0,0,26,8,甘肃省,2,甘肃省,2020-01-29
1,0,0,6,1,青海省,0,青海省,2020-01-29
0,0,0,17,1,宁夏回族自治区,5,宁夏回族自治区,2020-01-29
20,0,0,14,22,新疆维吾尔自治区,1,新疆维吾尔自治区,2020-01-29
0,0,0,8,0,台湾省,0,台湾省,2020-01-29
0,0,0,10,0,香港特别行政区,2,香港特别行政区,2020-01-29
0,0,0,7,0,澳门特别行政区,0,澳门特别行政区,2020-01-29
0,0,1,96,0,北京市,16,北京市,2020-01-28
45,0,0,25,103,天津市,2,天津市,2020-01-28
45,0,1,48,56,河北省,15,河北省,2020-01-28
21,0,0,27,41,山西省,7,山西省,2020-01-28
3,0,0,16,3,内蒙古自治区,3,内蒙古自治区,2020-01-28
40,0,0,36,72,辽宁省,9,辽宁省,2020-01-28
1,0,0,9,2,吉林省,1,吉林省,2020-01-28
45,0,1,37,68,黑龙江省,7,黑龙江省,2020-01-28
70,0,1,80,167,上海市,14,上海市,2020-01-28
0,0,0,99,0,江苏省,29,江苏省,2020-01-28
105,0,0,296,101,浙江省,123,浙江省,2020-01-28
43,0,0,152,55,安徽省,46,安徽省,2020-01-28
45,0,0,82,80,福建省,23,福建省,2020-01-28
60,0,0,109,107,江西省,37,江西省,2020-01-28
39,0,0,121,55,山东省,34,山东省,2020-01-28
232,1,2,206,411,河南省,38,河南省,2020-01-28
1876,25,125,3554,6940,湖北省,840,湖北省,2020-01-28
114,0,0,221,85,湖南省,78,湖南省,2020-01-28
91,0,0,241,122,广东省,53,广东省,2020-01-28
74,0,0,58,118,广西壮族自治区,7,广西壮族自治区,2020-01-28
27,0,1,43,48,海南省,5,海南省,2020-01-28
108,0,0,147,246,重庆市,15,重庆市,2020-01-28
87,0,0,108,182,四川省,18,四川省,2020-01-28
3,0,0,9,3,贵州省,0,贵州省,2020-01-28
65,0,0,51,163,云南省,19,云南省,2020-01-28
1,0,0,0,1,西藏自治区,0,西藏自治区,2020-01-28
0,0,0,46,0,陕西省,11,陕西省,2020-01-28
5,0,0,24,5,甘肃省,5,甘肃省,2020-01-28
0,0,0,6,0,青海省,0,青海省,2020-01-28
2,0,0,12,2,宁夏回族自治区,1,宁夏回族自治区,2020-01-28
1,0,0,13,3,新疆维吾尔自治区,3,新疆维吾尔自治区,2020-01-28
0,0,0,8,0,台湾省,3,台湾省,2020-01-28
0,0,0,8,0,香港特别行政区,0,香港特别行政区,2020-01-28
0,0,0,7,0,澳门特别行政区,0,澳门特别行政区,2020-01-28
0,1,1,80,0,北京市,13,北京市,2020-01-27
44,0,0,23,88,天津市,8,天津市,2020-01-27
38,0,1,33,20,河北省,15,河北省,2020-01-27
23,0,0,20,44,山西省,7,山西省,2020-01-27
1,0,0,13,2,内蒙古自治区,2,内蒙古自治区,2020-01-27
22,0,0,27,52,辽宁省,5,辽宁省,2020-01-27
1,0,0,8,3,吉林省,2,吉林省,2020-01-27
36,0,1,30,67,黑龙江省,9,黑龙江省,2020-01-27
70,0,1,66,129,上海市,13,上海市,2020-01-27
0,0,0,70,0,江苏省,23,江苏省,2020-01-27
52,0,0,173,115,浙江省,45,浙江省,2020-01-27
38,0,0,106,42,安徽省,36,安徽省,2020-01-27
37,0,0,59,68,福建省,24,福建省,2020-01-27
46,0,0,72,88,江西省,24,江西省,2020-01-27
24,0,0,87,42,山东省,26,山东省,2020-01-27
122,0,1,168,266,河南省,40,河南省,2020-01-27
1191,24,100,2714,5324,湖北省,1291,湖北省,2020-01-27
53,0,0,143,52,湖南省,43,湖南省,2020-01-27
47,0,0,188,73,广东省,42,广东省,2020-01-27
49,0,0,51,11,广西壮族自治区,5,广西壮族自治区,2020-01-27
21,1,1,38,21,海南省,11,海南省,2020-01-27
31,0,0,132,219,重庆市,22,重庆市,2020-01-27
78,0,0,90,138,四川省,21,四川省,2020-01-27
0,0,0,9,1,贵州省,2,贵州省,2020-01-27
51,0,0,32,104,云南省,11,云南省,2020-01-27
0,0,0,0,0,西藏自治区,0,西藏自治区,2020-01-27
0,0,0,35,0,陕西省,13,陕西省,2020-01-27
0,0,0,19,2,甘肃省,5,甘肃省,2020-01-27
0,0,0,6,0,青海省,2,青海省,2020-01-27
0,0,0,11,0,宁夏回族自治区,4,宁夏回族自治区,2020-01-27
2,0,0,10,2,新疆维吾尔自治区,5,新疆维吾尔自治区,2020-01-27
0,0,0,5,0,台湾省,1,台湾省,2020-01-27
0,0,0,8,0,香港特别行政区,0,香港特别行政区,2020-01-27
0,0,0,7,0,澳门特别行政区,2,澳门特别行政区,2020-01-27
0,0,0,67,0,北京市,16,北京市,2020-01-26
48,0,0,15,85,天津市,5,天津市,2020-01-26
11,0,1,18,13,河北省,5,河北省,2020-01-26
34,0,0,13,57,山西省,4,山西省,2020-01-26
4,0,0,11,1,内蒙古自治区,4,内蒙古自治区,2020-01-26
37,0,0,22,40,辽宁省,5,辽宁省,2020-01-26
1,0,0,6,3,吉林省,2,吉林省,2020-01-26
40,0,1,21,47,黑龙江省,6,黑龙江省,2020-01-26
65,0,1,53,90,上海市,13,上海市,2020-01-26
0,0,0,47,0,江苏省,16,江苏省,2020-01-26
68,0,0,128,63,浙江省,24,浙江省,2020-01-26
36,0,0,70,43,安徽省,10,安徽省,2020-01-26
49,0,0,35,59,福建省,17,福建省,2020-01-26
50,0,0,48,68,江西省,12,江西省,2020-01-26
33,0,0,61,35,山东省,22,山东省,2020-01-26
112,0,1,128,212,河南省,45,河南省,2020-01-26
2793,24,76,1423,4472,湖北省,371,湖北省,2020-01-26
47,0,0,100,42,湖南省,31,湖南省,2020-01-26
73,0,0,146,54,广东省,48,广东省,2020-01-26
35,0,0,46,40,广西壮族自治区,13,广西壮族自治区,2020-01-26
0,0,0,27,0,海南省,7,海南省,2020-01-26
117,0,0,110,188,重庆市,35,重庆市,2020-01-26
79,0,0,69,92,四川省,25,四川省,2020-01-26
3,0,0,7,3,贵州省,2,贵州省,2020-01-26
55,0,0,21,75,云南省,10,云南省,2020-01-26
0,0,0,0,0,西藏自治区,0,西藏自治区,2020-01-26
0,0,0,22,0,陕西省,7,陕西省,2020-01-26
6,0,0,14,6,甘肃省,7,甘肃省,2020-01-26
3,0,0,4,0,青海省,3,青海省,2020-01-26
0,0,0,7,0,宁夏回族自治区,3,宁夏回族自治区,2020-01-26
7,0,0,5,6,新疆维吾尔自治区,1,新疆维吾尔自治区,2020-01-26
0,0,0,4,0,台湾省,1,台湾省,2020-01-26
0,0,0,8,0,香港特别行政区,3,香港特别行政区,2020-01-26
0,0,0,5,0,澳门特别行政区,3,澳门特别行政区,2020-01-26
0,0,0,51,0,北京市,15,北京市,2020-01-25
40,0,0,10,61,天津市,2,天津市,2020-01-25
7,0,1,13,5,河北省,5,河北省,2020-01-25
14,0,0,9,28,山西省,3,山西省,2020-01-25
0,0,0,7,0,内蒙古自治区,5,内蒙古自治区,2020-01-25
18,0,0,17,24,辽宁省,5,辽宁省,2020-01-25
3,0,0,4,3,吉林省,0,吉林省,2020-01-25
9,0,1,15,13,黑龙江省,6,黑龙江省,2020-01-25
52,1,1,40,95,上海市,7,上海市,2020-01-25
0,0,0,31,0,江苏省,17,江苏省,2020-01-25
0,0,0,104,20,浙江省,42,浙江省,2020-01-25
18,0,0,60,15,安徽省,21,安徽省,2020-01-25
25,0,0,18,27,福建省,8,福建省,2020-01-25
21,0,0,36,30,江西省,18,江西省,2020-01-25
12,0,0,39,11,山东省,18,山东省,2020-01-25
114,1,1,83,165,河南省,51,河南省,2020-01-25
712,13,52,1052,1887,湖北省,323,湖北省,2020-01-25
34,0,0,69,25,湖南省,45,湖南省,2020-01-25
45,0,0,98,40,广东省,20,广东省,2020-01-25
21,0,0,33,21,广西壮族自治区,10,广西壮族自治区,2020-01-25
0,0,0,20,1,海南省,10,海南省,2020-01-25
106,0,0,75,146,重庆市,18,重庆市,2020-01-25
26,0,0,44,34,四川省,16,四川省,2020-01-25
2,0,0,5,2,贵州省,1,贵州省,2020-01-25
29,0,0,11,29,云南省,6,云南省,2020-01-25
0,0,0,0,0,西藏自治区,0,西藏自治区,2020-01-25
0,0,0,15,0,陕西省,10,陕西省,2020-01-25
0,0,0,7,0,甘肃省,3,甘肃省,2020-01-25
0,0,0,1,0,青海省,1,青海省,2020-01-25
0,0,0,4,1,宁夏回族自治区,1,宁夏回族自治区,2020-01-25
1,0,0,4,1,新疆维吾尔自治区,1,新疆维吾尔自治区,2020-01-25
0,0,0,3,0,台湾省,0,台湾省,2020-01-25
0,0,0,5,0,香港特别行政区,0,香港特别行政区,2020-01-25
0,0,0,2,0,澳门特别行政区,0,澳门特别行政区,2020-01-25
0,0,0,36,0,北京市,10,北京市,2020-01-24
27,0,0,8,51,天津市,3,天津市,2020-01-24
0,0,1,8,0,河北省,6,河北省,2020-01-24
9,0,0,6,19,山西省,5,山西省,2020-01-24
4,0,0,2,5,内蒙古自治区,1,内蒙古自治区,2020-01-24
0,0,0,12,0,辽宁省,8,辽宁省,2020-01-24
0,0,0,4,0,吉林省,1,吉林省,2020-01-24
12,1,1,9,18,黑龙江省,6,黑龙江省,2020-01-24
81,0,0,33,72,上海市,13,上海市,2020-01-24
0,0,0,14,0,江苏省,9,江苏省,2020-01-24
0,0,0,62,27,浙江省,19,浙江省,2020-01-24
26,0,0,39,20,安徽省,24,安徽省,2020-01-24
6,0,0,10,7,福建省,5,福建省,2020-01-24
27,0,0,18,38,江西省,11,江西省,2020-01-24
14,0,0,21,11,山东省,12,山东省,2020-01-24
54,0,0,32,116,河南省,23,河南省,2020-01-24
704,15,39,729,1405,湖北省,180,湖北省,2020-01-24
25,0,0,24,35,湖南省,15,湖南省,2020-01-24
30,0,0,78,18,广东省,25,广东省,2020-01-24
13,0,0,23,6,广西壮族自治区,10,广西壮族自治区,2020-01-24
0,0,0,10,0,海南省,5,海南省,2020-01-24
55,0,0,57,86,重庆市,30,重庆市,2020-01-24
25,0,0,28,25,四川省,13,四川省,2020-01-24
0,0,0,4,0,贵州省,1,贵州省,2020-01-24
4,0,0,5,4,云南省,3,云南省,2020-01-24
0,0,0,0,0,西藏自治区,0,西藏自治区,2020-01-24
0,0,0,5,0,陕西省,2,陕西省,2020-01-24
0,0,0,4,0,甘肃省,2,甘肃省,2020-01-24
1,0,0,0,1,青海省,0,青海省,2020-01-24
1,0,0,3,1,宁夏回族自治区,1,宁夏回族自治区,2020-01-24
0,0,0,3,0,新疆维吾尔自治区,1,新疆维吾尔自治区,2020-01-24
0,0,0,3,0,台湾省,2,台湾省,2020-01-24
0,0,0,5,0,香港特别行政区,3,香港特别行政区,2020-01-24
0,0,0,2,0,澳门特别行政区,0,澳门特别行政区,2020-01-24
0,0,0,26,0,北京市,12,北京市,2020-01-23
14,0,0,5,47,天津市,1,天津市,2020-01-23
0,1,1,2,0,河北省,1,河北省,2020-01-23
22,0,0,1,22,山西省,0,山西省,2020-01-23
2,0,0,1,2,内蒙古自治区,1,内蒙古自治区,2020-01-23
0,0,0,4,0,辽宁省,2,辽宁省,2020-01-23
0,0,0,3,0,吉林省,2,吉林省,2020-01-23
2,0,0,3,12,黑龙江省,2,黑龙江省,2020-01-23
34,0,0,20,34,上海市,4,上海市,2020-01-23
0,0,0,5,0,江苏省,4,江苏省,2020-01-23
14,0,0,30,29,浙江省,20,浙江省,2020-01-23
14,0,0,15,14,安徽省,14,安徽省,2020-01-23
4,0,0,5,4,福建省,4,福建省,2020-01-23
12,0,0,7,17,江西省,4,江西省,2020-01-23
9,0,0,9,9,山东省,7,山东省,2020-01-23
42,0,0,9,42,河南省,4,河南省,2020-01-23
417,7,24,549,710,湖北省,105,湖北省,2020-01-23
20,0,0,9,25,湖南省,5,湖南省,2020-01-23
10,0,0,53,17,广东省,21,广东省,2020-01-23
0,0,0,13,2,广西壮族自治区,8,广西壮族自治区,2020-01-23
0,0,0,5,0,海南省,1,海南省,2020-01-23
53,0,0,27,71,重庆市,18,重庆市,2020-01-23
6,0,0,15,10,四川省,10,四川省,2020-01-23
0,0,0,3,0,贵州省,0,贵州省,2020-01-23
1,0,0,2,1,云南省,1,云南省,2020-01-23
0,0,0,0,0,西藏自治区,0,西藏自治区,2020-01-23
0,0,0,3,0,陕西省,3,陕西省,2020-01-23
0,0,0,2,0,甘肃省,2,甘肃省,2020-01-23
0,0,0,0,0,青海省,0,青海省,2020-01-23
1,0,0,2,1,宁夏回族自治区,1,宁夏回族自治区,2020-01-23
3,0,0,2,3,新疆维吾尔自治区,2,新疆维吾尔自治区,2020-01-23
0,0,0,1,0,台湾省,0,台湾省,2020-01-23
0,0,0,2,0,香港特别行政区,1,香港特别行政区,2020-01-23
0,0,0,2,0,澳门特别行政区,1,澳门特别行政区,2020-01-23
0,0,0,14,0,北京市,4,北京市,2020-01-22
0,0,0,4,0,天津市,2,天津市,2020-01-22
0,0,0,1,0,河北省,1,河北省,2020-01-22
1,0,0,1,1,山西省,1,山西省,2020-01-22
0,0,0,0,0,内蒙古自治区,0,内蒙古自治区,2020-01-22
0,0,0,2,0,辽宁省,2,辽宁省,2020-01-22
0,0,0,1,0,吉林省,1,吉林省,2020-01-22
0,0,0,1,0,黑龙江省,1,黑龙江省,2020-01-22
16,0,0,16,16,上海市,7,上海市,2020-01-22
0,0,0,1,0,江苏省,1,江苏省,2020-01-22
26,0,0,10,38,浙江省,5,浙江省,2020-01-22
6,0,0,1,8,安徽省,1,安徽省,2020-01-22
1,0,0,1,1,福建省,1,福建省,2020-01-22
5,0,0,3,5,江西省,1,江西省,2020-01-22
5,0,0,2,5,山东省,1,山东省,2020-01-22
0,0,0,5,0,河南省,4,河南省,2020-01-22
159,8,17,444,279,湖北省,69,湖北省,2020-01-22
10,0,0,4,10,湖南省,3,湖南省,2020-01-22
7,0,0,32,7,广东省,6,广东省,2020-01-22
3,0,0,5,3,广西壮族自治区,5,广西壮族自治区,2020-01-22
0,0,0,4,0,海南省,4,海南省,2020-01-22
13,0,0,9,13,重庆市,4,重庆市,2020-01-22
5,0,0,5,7,四川省,3,四川省,2020-01-22
0,0,0,3,0,贵州省,3,贵州省,2020-01-22
0,0,0,1,0,云南省,0,云南省,2020-01-22
0,0,0,0,0,西藏自治区,0,西藏自治区,2020-01-22
0,0,0,0,0,陕西省,0,陕西省,2020-01-22
0,0,0,0,0,甘肃省,0,甘肃省,2020-01-22
0,0,0,0,0,青海省,0,青海省,2020-01-22
0,0,0,1,0,宁夏回族自治区,1,宁夏回族自治区,2020-01-22
0,0,0,0,0,新疆维吾尔自治区,0,新疆维吾尔自治区,2020-01-22
0,0,0,1,0,台湾省,0,台湾省,2020-01-22
0,0,0,1,0,香港特别行政区,0,香港特别行政区,2020-01-22
0,0,0,1,0,澳门特别行政区,0,澳门特别行政区,2020-01-22
0,0,0,10,0,北京市,5,北京市,2020-01-21
0,0,0,2,0,天津市,2,天津市,2020-01-21
0,0,0,0,0,河北省,0,河北省,2020-01-21
0,0,0,0,1,山西省,0,山西省,2020-01-21
0,0,0,0,0,内蒙古自治区,0,内蒙古自治区,2020-01-21
0,0,0,0,0,辽宁省,0,辽宁省,2020-01-21
0,0,0,0,1,吉林省,0,吉林省,2020-01-21
0,0,0,0,1,黑龙江省,0,黑龙江省,2020-01-21
10,0,0,9,10,上海市,7,上海市,2020-01-21
0,0,0,0,0,江苏省,0,江苏省,2020-01-21
10,0,0,5,10,浙江省,5,浙江省,2020-01-21
2,0,0,0,3,安徽省,0,安徽省,2020-01-21
0,0,0,0,0,福建省,0,福建省,2020-01-21
0,0,0,2,0,江西省,2,江西省,2020-01-21
0,0,0,1,0,山东省,1,山东省,2020-01-21
0,0,0,1,0,河南省,1,河南省,2020-01-21
0,3,9,375,0,湖北省,105,湖北省,2020-01-21
0,0,0,1,0,湖南省,1,湖南省,2020-01-21
1,0,0,26,1,广东省,12,广东省,2020-01-21
1,0,0,0,2,广西壮族自治区,0,广西壮族自治区,2020-01-21
0,0,0,0,1,海南省,0,海南省,2020-01-21
0,0,0,5,0,重庆市,5,重庆市,2020-01-21
2,0,0,2,5,四川省,2,四川省,2020-01-21
0,0,0,0,1,贵州省,0,贵州省,2020-01-21
0,0,0,1,0,云南省,1,云南省,2020-01-21
0,0,0,0,0,西藏自治区,0,西藏自治区,2020-01-21
0,0,0,0,0,陕西省,0,陕西省,2020-01-21
0,0,0,0,0,甘肃省,0,甘肃省,2020-01-21
0,0,0,0,0,青海省,0,青海省,2020-01-21
0,0,0,0,1,宁夏回族自治区,0,宁夏回族自治区,2020-01-21
0,0,0,0,0,新疆维吾尔自治区,0,新疆维吾尔自治区,2020-01-21
0,0,0,1,0,台湾省,1,台湾省,2020-01-21
0,0,0,1,0,香港特别行政区,1,香港特别行政区,2020-01-21
0,0,0,1,0,澳门特别行政区,1,澳门特别行政区,2020-01-21
0,0,0,5,0,北京市,3,北京市,2020-01-20
0,0,0,0,0,天津市,0,天津市,2020-01-20
0,0,0,0,0,河北省,0,河北省,2020-01-20
0,0,0,0,0,山西省,0,山西省,2020-01-20
0,0,0,0,0,内蒙古自治区,0,内蒙古自治区,2020-01-20
0,0,0,0,0,辽宁省,0,辽宁省,2020-01-20
0,0,0,0,1,吉林省,0,吉林省,2020-01-20
0,0,0,0,0,黑龙江省,0,黑龙江省,2020-01-20
7,0,0,2,7,上海市,2,上海市,2020-01-20
0,0,0,0,0,江苏省,0,江苏省,2020-01-20
10,0,0,0,16,浙江省,0,浙江省,2020-01-20
1,0,0,0,1,安徽省,0,安徽省,2020-01-20
0,0,0,0,0,福建省,0,福建省,2020-01-20
0,0,0,0,2,江西省,0,江西省,2020-01-20
0,0,0,0,1,山东省,0,山东省,2020-01-20
0,0,0,0,0,河南省,0,河南省,2020-01-20
0,2,6,270,11,湖北省,72,湖北省,2020-01-20
0,0,0,0,0,湖南省,0,湖南省,2020-01-20
4,0,0,14,7,广东省,0,广东省,2020-01-20
0,0,0,0,1,广西壮族自治区,0,广西壮族自治区,2020-01-20
1,0,0,0,1,海南省,0,海南省,2020-01-20
0,0,0,0,0,重庆市,0,重庆市,2020-01-20
1,0,0,0,3,四川省,0,四川省,2020-01-20
1,0,0,0,1,贵州省,0,贵州省,2020-01-20
1,0,0,0,1,云南省,0,云南省,2020-01-20
0,0,0,0,0,西藏自治区,0,西藏自治区,2020-01-20
0,0,0,0,0,陕西省,0,陕西省,2020-01-20
0,0,0,0,0,甘肃省,0,甘肃省,2020-01-20
0,0,0,0,0,青海省,0,青海省,2020-01-20
1,0,0,0,1,宁夏回族自治区,0,宁夏回族自治区,2020-01-20
0,0,0,0,0,新疆维吾尔自治区,0,新疆维吾尔自治区,2020-01-20
0,0,0,0,0,台湾省,0,台湾省,2020-01-20
0,0,0,0,0,香港特别行政区,0,香港特别行政区,2020-01-20
0,0,0,0,0,澳门特别行政区,0,澳门特别行政区,2020-01-20
0,0,0,0,0,北京市,0,北京市,2020-01-19
0,0,0,0,0,天津市,0,天津市,2020-01-19
0,0,0,0,0,河北省,0,河北省,2020-01-19
0,0,0,0,0,山西省,0,山西省,2020-01-19
0,0,0,0,0,内蒙古自治区,0,内蒙古自治区,2020-01-19
0,0,0,0,0,辽宁省,0,辽宁省,2020-01-19
0,0,0,0,0,吉林省,0,吉林省,2020-01-19
0,0,0,0,0,黑龙江省,0,黑龙江省,2020-01-19
0,0,0,0,0,上海市,0,上海市,2020-01-19
0,0,0,0,0,江苏省,0,江苏省,2020-01-19
0,0,0,0,0,浙江省,0,浙江省,2020-01-19
0,0,0,0,0,安徽省,0,安徽省,2020-01-19
0,0,0,0,0,福建省,0,福建省,2020-01-19
0,0,0,0,0,江西省,0,江西省,2020-01-19
0,0,0,0,0,山东省,0,山东省,2020-01-19
0,0,0,0,0,河南省,0,河南省,2020-01-19
0,1,4,198,0,湖北省,77,湖北省,2020-01-19
0,0,0,0,0,湖南省,0,湖南省,2020-01-19
0,0,0,0,0,广东省,0,广东省,2020-01-19
0,0,0,0,0,广西壮族自治区,0,广西壮族自治区,2020-01-19
0,0,0,0,0,海南省,0,海南省,2020-01-19
0,0,0,0,0,重庆市,0,重庆市,2020-01-19
0,0,0,0,0,四川省,0,四川省,2020-01-19
0,0,0,0,0,贵州省,0,贵州省,2020-01-19
0,0,0,0,0,云南省,0,云南省,2020-01-19
0,0,0,0,0,西藏自治区,0,西藏自治区,2020-01-19
0,0,0,0,0,陕西省,0,陕西省,2020-01-19
0,0,0,0,0,甘肃省,0,甘肃省,2020-01-19
0,0,0,0,0,青海省,0,青海省,2020-01-19
0,0,0,0,0,宁夏回族自治区,0,宁夏回族自治区,2020-01-19
0,0,0,0,0,新疆维吾尔自治区,0,新疆维吾尔自治区,2020-01-19
0,0,0,0,0,台湾省,0,台湾省,2020-01-19
0,0,0,0,0,香港特别行政区,0,香港特别行政区,2020-01-19
0,0,0,0,0,澳门特别行政区,0,澳门特别行政区,2020-01-19
0,0,0,0,0,北京市,0,北京市,2020-01-18
0,0,0,0,0,天津市,0,天津市,2020-01-18
0,0,0,0,0,河北省,0,河北省,2020-01-18
0,0,0,0,0,山西省,0,山西省,2020-01-18
0,0,0,0,0,内蒙古自治区,0,内蒙古自治区,2020-01-18
0,0,0,0,0,辽宁省,0,辽宁省,2020-01-18
0,0,0,0,0,吉林省,0,吉林省,2020-01-18
0,0,0,0,0,黑龙江省,0,黑龙江省,2020-01-18
0,0,0,0,0,上海市,0,上海市,2020-01-18
0,0,0,0,0,江苏省,0,江苏省,2020-01-18
0,0,0,0,0,浙江省,0,浙江省,2020-01-18
0,0,0,0,0,安徽省,0,安徽省,2020-01-18
0,0,0,0,0,福建省,0,福建省,2020-01-18
0,0,0,0,0,江西省,0,江西省,2020-01-18
0,0,0,0,0,山东省,0,山东省,2020-01-18
0,0,0,0,0,河南省,0,河南省,2020-01-18
0,1,3,121,0,湖北省,59,湖北省,2020-01-18
0,0,0,0,0,湖南省,0,湖南省,2020-01-18
0,0,0,0,0,广东省,0,广东省,2020-01-18
0,0,0,0,0,广西壮族自治区,0,广西壮族自治区,2020-01-18
0,0,0,0,0,海南省,0,海南省,2020-01-18
0,0,0,0,0,重庆市,0,重庆市,2020-01-18
0,0,0,0,0,四川省,0,四川省,2020-01-18
0,0,0,0,0,贵州省,0,贵州省,2020-01-18
0,0,0,0,0,云南省,0,云南省,2020-01-18
0,0,0,0,0,西藏自治区,0,西藏自治区,2020-01-18
0,0,0,0,0,陕西省,0,陕西省,2020-01-18
0,0,0,0,0,甘肃省,0,甘肃省,2020-01-18
0,0,0,0,0,青海省,0,青海省,2020-01-18
0,0,0,0,0,宁夏回族自治区,0,宁夏回族自治区,2020-01-18
0,0,0,0,0,新疆维吾尔自治区,0,新疆维吾尔自治区,2020-01-18
0,0,0,0,0,台湾省,0,台湾省,2020-01-18
0,0,0,0,0,香港特别行政区,0,香港特别行政区,2020-01-18
0,0,0,0,0,澳门特别行政区,0,澳门特别行政区,2020-01-18
0,0,0,0,0,北京市,0,北京市,2020-01-17
0,0,0,0,0,天津市,0,天津市,2020-01-17
0,0,0,0,0,河北省,0,河北省,2020-01-17
0,0,0,0,0,山西省,0,山西省,2020-01-17
0,0,0,0,0,内蒙古自治区,0,内蒙古自治区,2020-01-17
0,0,0,0,0,辽宁省,0,辽宁省,2020-01-17
0,0,0,0,0,吉林省,0,吉林省,2020-01-17
0,0,0,0,0,黑龙江省,0,黑龙江省,2020-01-17
0,0,0,0,0,上海市,0,上海市,2020-01-17
0,0,0,0,0,江苏省,0,江苏省,2020-01-17
0,0,0,0,0,浙江省,0,浙江省,2020-01-17
0,0,0,0,0,安徽省,0,安徽省,2020-01-17
0,0,0,0,0,福建省,0,福建省,2020-01-17
0,0,0,0,0,江西省,0,江西省,2020-01-17
0,0,0,0,0,山东省,0,山东省,2020-01-17
0,0,0,0,0,河南省,0,河南省,2020-01-17
0,0,2,62,0,湖北省,17,湖北省,2020-01-17
0,0,0,0,0,湖南省,0,湖南省,2020-01-17
0,0,0,0,0,广东省,0,广东省,2020-01-17
0,0,0,0,0,广西壮族自治区,0,广西壮族自治区,2020-01-17
0,0,0,0,0,海南省,0,海南省,2020-01-17
0,0,0,0,0,重庆市,0,重庆市,2020-01-17
0,0,0,0,0,四川省,0,四川省,2020-01-17
0,0,0,0,0,贵州省,0,贵州省,2020-01-17
0,0,0,0,0,云南省,0,云南省,2020-01-17
0,0,0,0,0,西藏自治区,0,西藏自治区,2020-01-17
0,0,0,0,0,陕西省,0,陕西省,2020-01-17
0,0,0,0,0,甘肃省,0,甘肃省,2020-01-17
0,0,0,0,0,青海省,0,青海省,2020-01-17
0,0,0,0,0,宁夏回族自治区,0,宁夏回族自治区,2020-01-17
0,0,0,0,0,新疆维吾尔自治区,0,新疆维吾尔自治区,2020-01-17
0,0,0,0,0,台湾省,0,台湾省,2020-01-17
0,0,0,0,0,香港特别行政区,0,香港特别行政区,2020-01-17
0,0,0,0,0,澳门特别行政区,0,澳门特别行政区,2020-01-17
0,0,0,0,0,北京市,0,北京市,2020-01-16
0,0,0,0,0,天津市,0,天津市,2020-01-16
0,0,0,0,0,河北省,0,河北省,2020-01-16
0,0,0,0,0,山西省,0,山西省,2020-01-16
0,0,0,0,0,内蒙古自治区,0,内蒙古自治区,2020-01-16
0,0,0,0,0,辽宁省,0,辽宁省,2020-01-16
0,0,0,0,0,吉林省,0,吉林省,2020-01-16
0,0,0,0,0,黑龙江省,0,黑龙江省,2020-01-16
0,0,0,0,0,上海市,0,上海市,2020-01-16
0,0,0,0,0,江苏省,0,江苏省,2020-01-16
0,0,0,0,0,浙江省,0,浙江省,2020-01-16
0,0,0,0,0,安徽省,0,安徽省,2020-01-16
0,0,0,0,0,福建省,0,福建省,2020-01-16
0,0,0,0,0,江西省,0,江西省,2020-01-16
0,0,0,0,0,山东省,0,山东省,2020-01-16
0,0,0,0,0,河南省,0,河南省,2020-01-16
0,1,2,45,0,湖北省,4,湖北省,2020-01-16
0,0,0,0,0,湖南省,0,湖南省,2020-01-16
0,0,0,0,0,广东省,0,广东省,2020-01-16
0,0,0,0,0,广西壮族自治区,0,广西壮族自治区,2020-01-16
0,0,0,0,0,海南省,0,海南省,2020-01-16
0,0,0,0,0,重庆市,0,重庆市,2020-01-16
0,0,0,0,0,四川省,0,四川省,2020-01-16
0,0,0,0,0,贵州省,0,贵州省,2020-01-16
0,0,0,0,0,云南省,0,云南省,2020-01-16
0,0,0,0,0,西藏自治区,0,西藏自治区,2020-01-16
0,0,0,0,0,陕西省,0,陕西省,2020-01-16
0,0,0,0,0,甘肃省,0,甘肃省,2020-01-16
0,0,0,0,0,青海省,0,青海省,2020-01-16
0,0,0,0,0,宁夏回族自治区,0,宁夏回族自治区,2020-01-16
0,0,0,0,0,新疆维吾尔自治区,0,新疆维吾尔自治区,2020-01-16
0,0,0,0,0,台湾省,0,台湾省,2020-01-16
0,0,0,0,0,香港特别行政区,0,香港特别行政区,2020-01-16
0,0,0,0,0,澳门特别行政区,0,澳门特别行政区,2020-01-16
0,0,0,0,0,北京市,0,北京市,2020-01-14
0,0,0,0,0,天津市,0,天津市,2020-01-14
0,0,0,0,0,河北省,0,河北省,2020-01-14
0,0,0,0,0,山西省,0,山西省,2020-01-14
0,0,0,0,0,内蒙古自治区,0,内蒙古自治区,2020-01-14
0,0,0,0,0,辽宁省,0,辽宁省,2020-01-14
0,0,0,0,0,吉林省,0,吉林省,2020-01-14
0,0,0,0,0,黑龙江省,0,黑龙江省,2020-01-14
0,0,0,0,0,上海市,0,上海市,2020-01-14
0,0,0,0,0,江苏省,0,江苏省,2020-01-14
0,0,0,0,0,浙江省,0,浙江省,2020-01-14
0,0,0,0,0,安徽省,0,安徽省,2020-01-14
0,0,0,0,0,福建省,0,福建省,2020-01-14
0,0,0,0,0,江西省,0,江西省,2020-01-14
0,0,0,0,0,山东省,0,山东省,2020-01-14
0,0,0,0,0,河南省,0,河南省,2020-01-14
0,0,1,41,0,湖北省,0,湖北省,2020-01-14
0,0,0,0,0,湖南省,0,湖南省,2020-01-14
0,0,0,0,0,广东省,0,广东省,2020-01-14
0,0,0,0,0,广西壮族自治区,0,广西壮族自治区,2020-01-14
0,0,0,0,0,海南省,0,海南省,2020-01-14
0,0,0,0,0,重庆市,0,重庆市,2020-01-14
0,0,0,0,0,四川省,0,四川省,2020-01-14
0,0,0,0,0,贵州省,0,贵州省,2020-01-14
0,0,0,0,0,云南省,0,云南省,2020-01-14
0,0,0,0,0,西藏自治区,0,西藏自治区,2020-01-14
0,0,0,0,0,陕西省,0,陕西省,2020-01-14
0,0,0,0,0,甘肃省,0,甘肃省,2020-01-14
0,0,0,0,0,青海省,0,青海省,2020-01-14
0,0,0,0,0,宁夏回族自治区,0,宁夏回族自治区,2020-01-14
0,0,0,0,0,新疆维吾尔自治区,0,新疆维吾尔自治区,2020-01-14
0,0,0,0,0,台湾省,0,台湾省,2020-01-14
0,0,0,0,0,香港特别行政区,0,香港特别行政区,2020-01-14
0,0,0,0,0,澳门特别行政区,0,澳门特别行政区,2020-01-14
0,0,0,0,0,北京市,0,北京市,2020-01-13
0,0,0,0,0,天津市,0,天津市,2020-01-13
0,0,0,0,0,河北省,0,河北省,2020-01-13
0,0,0,0,0,山西省,0,山西省,2020-01-13
0,0,0,0,0,内蒙古自治区,0,内蒙古自治区,2020-01-13
0,0,0,0,0,辽宁省,0,辽宁省,2020-01-13
0,0,0,0,0,吉林省,0,吉林省,2020-01-13
0,0,0,0,0,黑龙江省,0,黑龙江省,2020-01-13
0,0,0,0,0,上海市,0,上海市,2020-01-13
0,0,0,0,0,江苏省,0,江苏省,2020-01-13
0,0,0,0,0,浙江省,0,浙江省,2020-01-13
0,0,0,0,0,安徽省,0,安徽省,2020-01-13
0,0,0,0,0,福建省,0,福建省,2020-01-13
0,0,0,0,0,江西省,0,江西省,2020-01-13
0,0,0,0,0,山东省,0,山东省,2020-01-13
0,0,0,0,0,河南省,0,河南省,2020-01-13
0,0,1,41,0,湖北省,0,湖北省,2020-01-13
0,0,0,0,0,湖南省,0,湖南省,2020-01-13
0,0,0,0,0,广东省,0,广东省,2020-01-13
0,0,0,0,0,广西壮族自治区,0,广西壮族自治区,2020-01-13
0,0,0,0,0,海南省,0,海南省,2020-01-13
0,0,0,0,0,重庆市,0,重庆市,2020-01-13
0,0,0,0,0,四川省,0,四川省,2020-01-13
0,0,0,0,0,贵州省,0,贵州省,2020-01-13
0,0,0,0,0,云南省,0,云南省,2020-01-13
0,0,0,0,0,西藏自治区,0,西藏自治区,2020-01-13
0,0,0,0,0,陕西省,0,陕西省,2020-01-13
0,0,0,0,0,甘肃省,0,甘肃省,2020-01-13
0,0,0,0,0,青海省,0,青海省,2020-01-13
0,0,0,0,0,宁夏回族自治区,0,宁夏回族自治区,2020-01-13
0,0,0,0,0,新疆维吾尔自治区,0,新疆维吾尔自治区,2020-01-13
0,0,0,0,0,台湾省,0,台湾省,2020-01-13
0,0,0,0,0,香港特别行政区,0,香港特别行政区,2020-01-13
0,0,0,0,0,澳门特别行政区,0,澳门特别行政区,2020-01-13
0,0,0,0,0,北京市,0,北京市,2020-01-12
0,0,0,0,0,天津市,0,天津市,2020-01-12
0,0,0,0,0,河北省,0,河北省,2020-01-12
0,0,0,0,0,山西省,0,山西省,2020-01-12
0,0,0,0,0,内蒙古自治区,0,内蒙古自治区,2020-01-12
0,0,0,0,0,辽宁省,0,辽宁省,2020-01-12
0,0,0,0,0,吉林省,0,吉林省,2020-01-12
0,0,0,0,0,黑龙江省,0,黑龙江省,2020-01-12
0,0,0,0,0,上海市,0,上海市,2020-01-12
0,0,0,0,0,江苏省,0,江苏省,2020-01-12
0,0,0,0,0,浙江省,0,浙江省,2020-01-12
0,0,0,0,0,安徽省,0,安徽省,2020-01-12
0,0,0,0,0,福建省,0,福建省,2020-01-12
0,0,0,0,0,江西省,0,江西省,2020-01-12
0,0,0,0,0,山东省,0,山东省,2020-01-12
0,0,0,0,0,河南省,0,河南省,2020-01-12
0,0,1,41,0,湖北省,0,湖北省,2020-01-12
0,0,0,0,0,湖南省,0,湖南省,2020-01-12
0,0,0,0,0,广东省,0,广东省,2020-01-12
0,0,0,0,0,广西壮族自治区,0,广西壮族自治区,2020-01-12
0,0,0,0,0,海南省,0,海南省,2020-01-12
0,0,0,0,0,重庆市,0,重庆市,2020-01-12
0,0,0,0,0,四川省,0,四川省,2020-01-12
0,0,0,0,0,贵州省,0,贵州省,2020-01-12
0,0,0,0,0,云南省,0,云南省,2020-01-12
0,0,0,0,0,西藏自治区,0,西藏自治区,2020-01-12
0,0,0,0,0,陕西省,0,陕西省,2020-01-12
0,0,0,0,0,甘肃省,0,甘肃省,2020-01-12
0,0,0,0,0,青海省,0,青海省,2020-01-12
0,0,0,0,0,宁夏回族自治区,0,宁夏回族自治区,2020-01-12
0,0,0,0,0,新疆维吾尔自治区,0,新疆维吾尔自治区,2020-01-12
0,0,0,0,0,台湾省,0,台湾省,2020-01-12
0,0,0,0,0,香港特别行政区,0,香港特别行政区,2020-01-12
0,0,0,0,0,澳门特别行政区,0,澳门特别行政区,2020-01-12
0,0,0,0,0,北京市,0,北京市,2020-01-11
0,0,0,0,0,天津市,0,天津市,2020-01-11
0,0,0,0,0,河北省,0,河北省,2020-01-11
0,0,0,0,0,山西省,0,山西省,2020-01-11
0,0,0,0,0,内蒙古自治区,0,内蒙古自治区,2020-01-11
0,0,0,0,0,辽宁省,0,辽宁省,2020-01-11
0,0,0,0,0,吉林省,0,吉林省,2020-01-11
0,0,0,0,0,黑龙江省,0,黑龙江省,2020-01-11
0,0,0,0,0,上海市,0,上海市,2020-01-11
0,0,0,0,0,江苏省,0,江苏省,2020-01-11
0,0,0,0,0,浙江省,0,浙江省,2020-01-11
0,0,0,0,0,安徽省,0,安徽省,2020-01-11
0,0,0,0,0,福建省,0,福建省,2020-01-11
0,0,0,0,0,江西省,0,江西省,2020-01-11
0,0,0,0,0,山东省,0,山东省,2020-01-11
0,0,0,0,0,河南省,0,河南省,2020-01-11
0,0,1,41,0,湖北省,0,湖北省,2020-01-11
0,0,0,0,0,湖南省,0,湖南省,2020-01-11
0,0,0,0,0,广东省,0,广东省,2020-01-11
0,0,0,0,0,广西壮族自治区,0,广西壮族自治区,2020-01-11
0,0,0,0,0,海南省,0,海南省,2020-01-11
0,0,0,0,0,重庆市,0,重庆市,2020-01-11
0,0,0,0,0,四川省,0,四川省,2020-01-11
0,0,0,0,0,贵州省,0,贵州省,2020-01-11
0,0,0,0,0,云南省,0,云南省,2020-01-11
0,0,0,0,0,西藏自治区,0,西藏自治区,2020-01-11
0,0,0,0,0,陕西省,0,陕西省,2020-01-11
0,0,0,0,0,甘肃省,0,甘肃省,2020-01-11
0,0,0,0,0,青海省,0,青海省,2020-01-11
0,0,0,0,0,宁夏回族自治区,0,宁夏回族自治区,2020-01-11
0,0,0,0,0,新疆维吾尔自治区,0,新疆维吾尔自治区,2020-01-11
0,0,0,0,0,台湾省,0,台湾省,2020-01-11
0,0,0,0,0,香港特别行政区,0,香港特别行政区,2020-01-11
0,0,0,0,0,澳门特别行政区,0,澳门特别行政区,2020-01-11
0,0,0,0,0,北京市,0,北京市,2020-01-10
0,0,0,0,0,天津市,0,天津市,2020-01-10
0,0,0,0,0,河北省,0,河北省,2020-01-10
0,0,0,0,0,山西省,0,山西省,2020-01-10
0,0,0,0,0,内蒙古自治区,0,内蒙古自治区,2020-01-10
0,0,0,0,0,辽宁省,0,辽宁省,2020-01-10
0,0,0,0,0,吉林省,0,吉林省,2020-01-10
0,0,0,0,0,黑龙江省,0,黑龙江省,2020-01-10
0,0,0,0,0,上海市,0,上海市,2020-01-10
0,0,0,0,0,江苏省,0,江苏省,2020-01-10
0,0,0,0,0,浙江省,0,浙江省,2020-01-10
0,0,0,0,0,安徽省,0,安徽省,2020-01-10
0,0,0,0,0,福建省,0,福建省,2020-01-10
0,0,0,0,0,江西省,0,江西省,2020-01-10
0,0,0,0,0,山东省,0,山东省,2020-01-10
0,0,0,0,0,河南省,0,河南省,2020-01-10
0,0,1,41,0,湖北省,0,湖北省,2020-01-10
0,0,0,0,0,湖南省,0,湖南省,2020-01-10
0,0,0,0,0,广东省,0,广东省,2020-01-10
0,0,0,0,0,广西壮族自治区,0,广西壮族自治区,2020-01-10
0,0,0,0,0,海南省,0,海南省,2020-01-10
0,0,0,0,0,重庆市,0,重庆市,2020-01-10
0,0,0,0,0,四川省,0,四川省,2020-01-10
0,0,0,0,0,贵州省,0,贵州省,2020-01-10
0,0,0,0,0,云南省,0,云南省,2020-01-10
0,0,0,0,0,西藏自治区,0,西藏自治区,2020-01-10
0,0,0,0,0,陕西省,0,陕西省,2020-01-10
0,0,0,0,0,甘肃省,0,甘肃省,2020-01-10
0,0,0,0,0,青海省,0,青海省,2020-01-10
0,0,0,0,0,宁夏回族自治区,0,宁夏回族自治区,2020-01-10
0,0,0,0,0,新疆维吾尔自治区,0,新疆维吾尔自治区,2020-01-10
0,0,0,0,0,台湾省,0,台湾省,2020-01-10
0,0,0,0,0,香港特别行政区,0,香港特别行政区,2020-01-10
0,0,0,0,0,澳门特别行政区,0,澳门特别行政区,2020-01-10
